Year,Country,ISO3,CPI Score,Rank
2020,Denmark,DNK,88,1
2020,New Zealand,NZL,88,1
2020,Finland,FIN,85,3
2020,Singapore,SGP,85,3
2020,Sweden,SWE,85,3
2020,Switzerland,CHE,85,3
2020,Norway,NOR,84,7
2020,Netherlands,NLD,82,8
2020,Germany,DEU,80,9
2020,Luxembourg,LUX,80,9
2020,Australia,AUS,77,11
2020,Canada,CAN,77,11
2020,Hong Kong,HKG,77,11
2020,United Kingdom,GBR,77,11
2020,Austria,AUT,76,15
2020,Belgium,BEL,76,15
2020,Estonia,EST,75,17
2020,Iceland,ISL,75,17
2020,Japan,JPN,74,19
2020,Ireland,IRL,72,20
2020,United Arab Emirates,ARE,71,21
2020,Uruguay,URY,71,21
2020,France,FRA,69,23
2020,Bhutan,BTN,68,24
2020,Chile,CHL,67,25
2020,United States of America,USA,67,25
2020,Seychelles,SYC,66,27
2020,Taiwan,TWN,65,28
2020,Barbados,BRB,64,29
2020,Bahamas,BHS,63,30
2020,Qatar,QAT,63,30
2020,Spain,ESP,62,32
2020,South Korea,KOR,61,33
2020,Portugal,PRT,61,33
2020,Botswana,BWA,60,35
2020,Brunei Darussalam,BRN,60,35
2020,Israel,ISR,60,35
2020,Lithuania,LTU,60,35
2020,Slovenia,SVN,60,35
2020,Saint Vincent and the Grenadines,VCT,59,40
2020,Cabo Verde,CPV,58,41
2020,Costa Rica,CRI,57,42
2020,Cyprus,CYP,57,42
2020,Latvia,LVA,57,42
2020,Georgia,GEO,56,45
2020,Poland,POL,56,45
2020,Saint Lucia,LCA,56,45
2020,Dominica,DMA,55,48
2020,Czechia,CZE,54,49
2020,Oman,OMN,54,49
2020,Rwanda,RWA,54,49
2020,Grenada,GRD,53,52
2020,Italy,ITA,53,52
2020,Malta,MLT,53,52
2020,Mauritius,MUS,53,52
2020,Saudi Arabia,SAU,53,52
2020,Malaysia,MYS,51,57
2020,Namibia,NAM,51,57
2020,Greece,GRC,50,59
2020,Armenia,ARM,49,60
2020,Jordan,JOR,49,60
2020,Slovakia,SVK,49,60
2020,Belarus,BLR,47,63
2020,Croatia,HRV,47,63
2020,Cuba,CUB,47,63
2020,Sao Tome and Principe,STP,47,63
2020,Montenegro,MNE,45,67
2020,Senegal,SEN,45,67
2020,Bulgaria,BGR,44,69
2020,Hungary,HUN,44,69
2020,Jamaica,JAM,44,69
2020,Romania,ROU,44,69
2020,South Africa,ZAF,44,69
2020,Tunisia,TUN,44,69
2020,Ghana,GHA,43,75
2020,Maldives,MDV,43,75
2020,Vanuatu,VUT,43,75
2020,Argentina,ARG,42,78
2020,Bahrain,BHR,42,78
2020,China,CHN,42,78
2020,Kuwait,KWT,42,78
2020,Solomon Islands,SLB,42,78
2020,Benin,BEN,41,83
2020,Guyana,GUY,41,83
2020,Lesotho,LSO,41,83
2020,Burkina Faso,BFA,40,86
2020,India,IND,40,86
2020,Morocco,MAR,40,86
2020,Timor-Leste,TLS,40,86
2020,Trinidad and Tobago,TTO,40,86
2020,Turkey,TUR,40,86
2020,Colombia,COL,39,92
2020,Ecuador,ECU,39,92
2020,Brazil,BRA,38,94
2020,Ethiopia,ETH,38,94
2020,Kazakhstan,KAZ,38,94
2020,Peru,PER,38,94
2020,Serbia,SRB,38,94
2020,Sri Lanka,LKA,38,94
2020,Suriname,SUR,38,94
2020,Tanzania,TZA,38,94
2020,Gambia,GMB,37,102
2020,Indonesia,IDN,37,102
2020,Albania,ALB,36,104
2020,Algeria,DZA,36,104
2020,Cote d'Ivoire,CIV,36,104
2020,El Salvador,SLV,36,104
2020,Kosovo,KSV,36,104
2020,Thailand,THA,36,104
2020,Vietnam,VNM,36,104
2020,Bosnia and Herzegovina,BIH,35,111
2020,Mongolia,MNG,35,111
2020,North Macedonia,MKD,35,111
2020,Panama,PAN,35,111
2020,Moldova,MDA,34,115
2020,Philippines,PHL,34,115
2020,Egypt,EGY,33,117
2020,Eswatini,SWZ,33,117
2020,Nepal,NPL,33,117
2020,Sierra Leone,SLE,33,117
2020,Ukraine,UKR,33,117
2020,Zambia,ZMB,33,117
2020,Niger,NER,32,123
2020,Bolivia,BOL,31,124
2020,Kenya,KEN,31,124
2020,Kyrgyzstan,KGZ,31,124
2020,Mexico,MEX,31,124
2020,Pakistan,PAK,31,124
2020,Azerbaijan,AZE,30,129
2020,Gabon,GAB,30,129
2020,Malawi,MWI,30,129
2020,Mali,MLI,30,129
2020,Russia,RUS,30,129
2020,Laos,LAO,29,134
2020,Mauritania,MRT,29,134
2020,Togo,TGO,29,134
2020,Dominican Republic,DOM,28,137
2020,Guinea,GIN,28,137
2020,Liberia,LBR,28,137
2020,Myanmar,MMR,28,137
2020,Paraguay,PRY,28,137
2020,Angola,AGO,27,142
2020,Djibouti,DJI,27,142
2020,Papua New Guinea,PNG,27,142
2020,Uganda,UGA,27,142
2020,Bangladesh,BGD,26,146
2020,Central African Republic,CAF,26,146
2020,Uzbekistan,UZB,26,146
2020,Cameroon,CMR,25,149
2020,Guatemala,GTM,25,149
2020,Iran,IRN,25,149
2020,Lebanon,LBN,25,149
2020,Madagascar,MDG,25,149
2020,Mozambique,MOZ,25,149
2020,Nigeria,NGA,25,149
2020,Tajikistan,TJK,25,149
2020,Honduras,HND,24,157
2020,Zimbabwe,ZWE,24,157
2020,Nicaragua,NIC,22,159
2020,Cambodia,KHM,21,160
2020,Chad,TCD,21,160
2020,Comoros,COM,21,160
2020,Eritrea,ERI,21,160
2020,Iraq,IRQ,21,160
2020,Afghanistan,AFG,19,165
2020,Burundi,BDI,19,165
2020,Congo,COG,19,165
2020,Guinea Bissau,GNB,19,165
2020,Turkmenistan,TKM,19,165
2020,Democratic Republic of the Congo,COD,18,170
2020,Haiti,HTI,18,170
2020,North Korea,PRK,18,170
2020,Libya,LBY,17,173
2020,Equatorial Guinea,GNQ,16,174
2020,Sudan,SDN,16,174
2020,Venezuela,VEN,15,176
2020,Yemen,YEM,15,176
2020,Syria,SYR,14,178
2020,Somalia,SOM,12,179
2020,South Sudan,SSD,12,179
2019,Denmark,DNK,87,1
2019,New Zealand,NZL,87,1
2019,Finland,FIN,86,3
2019,Singapore,SGP,85,4
2019,Sweden,SWE,85,4
2019,Switzerland,CHE,85,4
2019,Norway,NOR,84,7
2019,Netherlands,NLD,82,8
2019,Germany,DEU,80,9
2019,Luxembourg,LUX,80,9
2019,Australia,AUS,77,12
2019,Canada,CAN,77,12
2019,Hong Kong,HKG,76,16
2019,United Kingdom,GBR,77,12
2019,Austria,AUT,77,12
2019,Belgium,BEL,75,17
2019,Estonia,EST,74,18
2019,Iceland,ISL,78,11
2019,Japan,JPN,73,20
2019,Ireland,IRL,74,18
2019,United Arab Emirates,ARE,71,21
2019,Uruguay,URY,71,21
2019,France,FRA,69,23
2019,Bhutan,BTN,68,25
2019,Chile,CHL,67,26
2019,United States of America,USA,69,23
2019,Seychelles,SYC,66,27
2019,Taiwan,TWN,65,28
2019,Barbados,BRB,62,30
2019,Bahamas,BHS,64,29
2019,Qatar,QAT,62,30
2019,Spain,ESP,62,30
2019,South Korea,KOR,59,39
2019,Portugal,PRT,62,30
2019,Botswana,BWA,61,34
2019,Brunei Darussalam,BRN,60,35
2019,Israel,ISR,60,35
2019,Lithuania,LTU,60,35
2019,Slovenia,SVN,60,35
2019,Saint Vincent and the Grenadines,VCT,59,39
2019,Cabo Verde,CPV,58,41
2019,Costa Rica,CRI,56,44
2019,Cyprus,CYP,58,41
2019,Latvia,LVA,56,44
2019,Georgia,GEO,56,44
2019,Poland,POL,58,41
2019,Saint Lucia,LCA,55,48
2019,Dominica,DMA,55,48
2019,Czechia,CZE,56,44
2019,Oman,OMN,52,56
2019,Rwanda,RWA,53,51
2019,Grenada,GRD,53,51
2019,Italy,ITA,53,51
2019,Malta,MLT,54,50
2019,Mauritius,MUS,52,56
2019,Saudi Arabia,SAU,53,51
2019,Malaysia,MYS,53,51
2019,Namibia,NAM,52,56
2019,Greece,GRC,48,60
2019,Armenia,ARM,42,77
2019,Jordan,JOR,48,60
2019,Slovakia,SVK,50,59
2019,Belarus,BLR,45,66
2019,Croatia,HRV,47,63
2019,Cuba,CUB,48,60
2019,Sao Tome and Principe,STP,46,64
2019,Montenegro,MNE,45,66
2019,Senegal,SEN,45,66
2019,Bulgaria,BGR,43,74
2019,Hungary,HUN,44,70
2019,Jamaica,JAM,43,74
2019,Romania,ROU,44,70
2019,South Africa,ZAF,44,70
2019,Tunisia,TUN,43,74
2019,Ghana,GHA,41,80
2019,Maldives,MDV,29,130
2019,Vanuatu,VUT,46,64
2019,Argentina,ARG,45,66
2019,Bahrain,BHR,42,77
2019,China,CHN,41,80
2019,Kuwait,KWT,40,85
2019,Solomon Islands,SLB,42,77
2019,Benin,BEN,41,80
2019,Guyana,GUY,40,85
2019,Lesotho,LSO,40,85
2019,Burkina Faso,BFA,40,85
2019,India,IND,41,80
2019,Morocco,MAR,41,80
2019,Timor-Leste,TLS,38,93
2019,Trinidad and Tobago,TTO,40,85
2019,Turkey,TUR,39,91
2019,Colombia,COL,37,96
2019,Ecuador,ECU,38,93
2019,Brazil,BRA,35,106
2019,Ethiopia,ETH,37,96
2019,Kazakhstan,KAZ,34,113
2019,Peru,PER,36,101
2019,Serbia,SRB,39,91
2019,Sri Lanka,LKA,38,93
2019,Suriname,SUR,44,70
2019,Tanzania,TZA,37,96
2019,Gambia,GMB,37,96
2019,Indonesia,IDN,40,85
2019,Albania,ALB,35,106
2019,Algeria,DZA,35,106
2019,Cote d'Ivoire,CIV,35,106
2019,El Salvador,SLV,34,113
2019,Kosovo,KSV,36,101
2019,Thailand,THA,36,101
2019,Vietnam,VNM,37,96
2019,Bosnia and Herzegovina,BIH,36,101
2019,Mongolia,MNG,35,106
2019,North Macedonia,MKD,35,106
2019,Panama,PAN,36,101
2019,Moldova,MDA,32,120
2019,Philippines,PHL,34,113
2019,Egypt,EGY,35,106
2019,Eswatini,SWZ,34,113
2019,Nepal,NPL,34,113
2019,Sierra Leone,SLE,33,119
2019,Ukraine,UKR,30,126
2019,Zambia,ZMB,34,113
2019,Niger,NER,32,120
2019,Bolivia,BOL,31,123
2019,Kenya,KEN,28,137
2019,Kyrgyzstan,KGZ,30,126
2019,Mexico,MEX,29,130
2019,Pakistan,PAK,32,120
2019,Azerbaijan,AZE,30,126
2019,Gabon,GAB,31,123
2019,Malawi,MWI,31,123
2019,Mali,MLI,29,130
2019,Russia,RUS,28,137
2019,Laos,LAO,29,130
2019,Mauritania,MRT,28,137
2019,Togo,TGO,29,130
2019,Dominican Republic,DOM,28,137
2019,Guinea,GIN,29,130
2019,Liberia,LBR,28,137
2019,Myanmar,MMR,29,130
2019,Paraguay,PRY,28,137
2019,Angola,AGO,26,146
2019,Djibouti,DJI,30,126
2019,Papua New Guinea,PNG,28,137
2019,Uganda,UGA,28,137
2019,Bangladesh,BGD,26,146
2019,Central African Republic,CAF,25,153
2019,Uzbekistan,UZB,25,153
2019,Cameroon,CMR,25,153
2019,Guatemala,GTM,26,146
2019,Iran,IRN,26,146
2019,Lebanon,LBN,28,137
2019,Madagascar,MDG,24,158
2019,Mozambique,MOZ,26,146
2019,Nigeria,NGA,26,146
2019,Tajikistan,TJK,25,153
2019,Honduras,HND,26,146
2019,Zimbabwe,ZWE,24,158
2019,Nicaragua,NIC,22,161
2019,Cambodia,KHM,20,162
2019,Chad,TCD,20,162
2019,Comoros,COM,25,153
2019,Eritrea,ERI,23,160
2019,Iraq,IRQ,20,162
2019,Afghanistan,AFG,16,173
2019,Burundi,BDI,19,165
2019,Congo,COG,19,165
2019,Guinea Bissau,GNB,18,168
2019,Turkmenistan,TKM,19,165
2019,Democratic Republic of the Congo,COD,18,168
2019,Haiti,HTI,18,168
2019,North Korea,PRK,17,172
2019,Libya,LBY,18,168
2019,Equatorial Guinea,GNQ,16,173
2019,Sudan,SDN,16,173
2019,Venezuela,VEN,16,173
2019,Yemen,YEM,15,177
2019,Syria,SYR,13,178
2019,Somalia,SOM,9,180
2019,South Sudan,SSD,12,179
2018,Denmark,DNK,88,1
2018,New Zealand,NZL,87,2
2018,Finland,FIN,85,3
2018,Singapore,SGP,85,3
2018,Sweden,SWE,85,3
2018,Switzerland,CHE,85,3
2018,Norway,NOR,84,7
2018,Netherlands,NLD,82,8
2018,Germany,DEU,80,11
2018,Luxembourg,LUX,81,9
2018,Australia,AUS,77,13
2018,Canada,CAN,81,9
2018,Hong Kong,HKG,76,14
2018,United Kingdom,GBR,80,11
2018,Austria,AUT,76,14
2018,Belgium,BEL,75,17
2018,Estonia,EST,73,18
2018,Iceland,ISL,76,14
2018,Japan,JPN,73,18
2018,Ireland,IRL,73,18
2018,United Arab Emirates,ARE,70,23
2018,Uruguay,URY,70,23
2018,France,FRA,72,21
2018,Bhutan,BTN,68,25
2018,Chile,CHL,67,27
2018,United States of America,USA,71,22
2018,Seychelles,SYC,66,28
2018,Taiwan,TWN,63,31
2018,Barbados,BRB,68,25
2018,Bahamas,BHS,65,29
2018,Qatar,QAT,62,33
2018,Spain,ESP,58,41
2018,South Korea,KOR,57,45
2018,Portugal,PRT,64,30
2018,Botswana,BWA,61,34
2018,Brunei Darussalam,BRN,63,31
2018,Israel,ISR,61,34
2018,Lithuania,LTU,59,38
2018,Slovenia,SVN,60,36
2018,Saint Vincent and the Grenadines,VCT,58,41
2018,Cabo Verde,CPV,57,45
2018,Costa Rica,CRI,56,48
2018,Cyprus,CYP,59,38
2018,Latvia,LVA,58,41
2018,Georgia,GEO,58,41
2018,Poland,POL,60,36
2018,Saint Lucia,LCA,55,50
2018,Dominica,DMA,57,45
2018,Czechia,CZE,59,38
2018,Oman,OMN,52,53
2018,Rwanda,RWA,56,48
2018,Grenada,GRD,52,53
2018,Italy,ITA,52,53
2018,Malta,MLT,54,51
2018,Mauritius,MUS,51,56
2018,Saudi Arabia,SAU,49,58
2018,Malaysia,MYS,47,61
2018,Namibia,NAM,53,52
2018,Greece,GRC,45,67
2018,Armenia,ARM,35,105
2018,Jordan,JOR,49,58
2018,Slovakia,SVK,50,57
2018,Belarus,BLR,44,70
2018,Croatia,HRV,48,60
2018,Cuba,CUB,47,61
2018,Sao Tome and Principe,STP,46,64
2018,Montenegro,MNE,45,67
2018,Senegal,SEN,45,67
2018,Bulgaria,BGR,42,77
2018,Hungary,HUN,46,64
2018,Jamaica,JAM,44,70
2018,Romania,ROU,47,61
2018,South Africa,ZAF,43,73
2018,Tunisia,TUN,43,73
2018,Ghana,GHA,41,78
2018,Maldives,MDV,31,124
2018,Vanuatu,VUT,46,64
2018,Argentina,ARG,40,85
2018,Bahrain,BHR,36,99
2018,China,CHN,39,87
2018,Kuwait,KWT,41,78
2018,Solomon Islands,SLB,44,70
2018,Benin,BEN,40,85
2018,Guyana,GUY,37,93
2018,Lesotho,LSO,41,78
2018,Burkina Faso,BFA,41,78
2018,India,IND,41,78
2018,Morocco,MAR,43,73
2018,Timor-Leste,TLS,35,105
2018,Trinidad and Tobago,TTO,41,78
2018,Turkey,TUR,41,78
2018,Colombia,COL,36,99
2018,Ecuador,ECU,34,114
2018,Brazil,BRA,35,105
2018,Ethiopia,ETH,34,114
2018,Kazakhstan,KAZ,31,124
2018,Peru,PER,35,105
2018,Serbia,SRB,39,87
2018,Sri Lanka,LKA,38,89
2018,Suriname,SUR,43,73
2018,Tanzania,TZA,36,99
2018,Gambia,GMB,37,93
2018,Indonesia,IDN,38,89
2018,Albania,ALB,36,99
2018,Algeria,DZA,35,105
2018,Cote d'Ivoire,CIV,35,105
2018,El Salvador,SLV,35,105
2018,Kosovo,KSV,37,93
2018,Thailand,THA,36,99
2018,Vietnam,VNM,33,117
2018,Bosnia and Herzegovina,BIH,38,89
2018,Mongolia,MNG,37,93
2018,North Macedonia,MKD,37,93
2018,Panama,PAN,37,93
2018,Moldova,MDA,33,117
2018,Philippines,PHL,36,99
2018,Egypt,EGY,35,105
2018,Eswatini,SWZ,38,89
2018,Nepal,NPL,31,124
2018,Sierra Leone,SLE,30,129
2018,Ukraine,UKR,32,120
2018,Zambia,ZMB,35,105
2018,Niger,NER,34,114
2018,Bolivia,BOL,29,132
2018,Kenya,KEN,27,144
2018,Kyrgyzstan,KGZ,29,132
2018,Mexico,MEX,28,138
2018,Pakistan,PAK,33,117
2018,Azerbaijan,AZE,25,152
2018,Gabon,GAB,31,124
2018,Malawi,MWI,32,120
2018,Mali,MLI,32,120
2018,Russia,RUS,28,138
2018,Laos,LAO,29,132
2018,Mauritania,MRT,27,144
2018,Togo,TGO,30,129
2018,Dominican Republic,DOM,30,129
2018,Guinea,GIN,28,138
2018,Liberia,LBR,32,120
2018,Myanmar,MMR,29,132
2018,Paraguay,PRY,29,132
2018,Angola,AGO,19,165
2018,Djibouti,DJI,31,124
2018,Papua New Guinea,PNG,28,138
2018,Uganda,UGA,26,149
2018,Bangladesh,BGD,26,149
2018,Central African Republic,CAF,26,149
2018,Uzbekistan,UZB,23,158
2018,Cameroon,CMR,25,152
2018,Guatemala,GTM,27,144
2018,Iran,IRN,28,138
2018,Lebanon,LBN,28,138
2018,Madagascar,MDG,25,152
2018,Mozambique,MOZ,23,158
2018,Nigeria,NGA,27,144
2018,Tajikistan,TJK,25,152
2018,Honduras,HND,29,132
2018,Zimbabwe,ZWE,22,160
2018,Nicaragua,NIC,25,152
2018,Cambodia,KHM,20,161
2018,Chad,TCD,19,165
2018,Comoros,COM,27,144
2018,Eritrea,ERI,24,157
2018,Iraq,IRQ,18,168
2018,Afghanistan,AFG,16,172
2018,Burundi,BDI,17,170
2018,Congo,COG,19,165
2018,Guinea Bissau,GNB,16,172
2018,Turkmenistan,TKM,20,161
2018,Democratic Republic of the Congo,COD,20,161
2018,Haiti,HTI,20,161
2018,North Korea,PRK,14,176
2018,Libya,LBY,17,170
2018,Equatorial Guinea,GNQ,16,172
2018,Sudan,SDN,16,172
2018,Venezuela,VEN,18,168
2018,Yemen,YEM,14,176
2018,Syria,SYR,13,178
2018,Somalia,SOM,10,180
2018,South Sudan,SSD,13,178
2017,Denmark,DNK,88,2
2017,New Zealand,NZL,89,1
2017,Finland,FIN,85,3
2017,Singapore,SGP,84,6
2017,Sweden,SWE,84,6
2017,Switzerland,CHE,85,3
2017,Norway,NOR,85,3
2017,Netherlands,NLD,82,8
2017,Germany,DEU,81,12
2017,Luxembourg,LUX,82,8
2017,Australia,AUS,77,13
2017,Canada,CAN,82,8
2017,Hong Kong,HKG,77,13
2017,United Kingdom,GBR,82,8
2017,Austria,AUT,75,16
2017,Belgium,BEL,75,16
2017,Estonia,EST,71,21
2017,Iceland,ISL,77,13
2017,Japan,JPN,73,20
2017,Ireland,IRL,74,19
2017,United Arab Emirates,ARE,71,21
2017,Uruguay,URY,70,23
2017,France,FRA,70,23
2017,Bhutan,BTN,67,26
2017,Chile,CHL,67,26
2017,United States of America,USA,75,16
2017,Seychelles,SYC,60,36
2017,Taiwan,TWN,63,29
2017,Barbados,BRB,68,25
2017,Bahamas,BHS,65,28
2017,Qatar,QAT,63,29
2017,Spain,ESP,57,42
2017,South Korea,KOR,54,51
2017,Portugal,PRT,63,29
2017,Botswana,BWA,61,34
2017,Brunei Darussalam,BRN,62,32
2017,Israel,ISR,62,32
2017,Lithuania,LTU,59,38
2017,Slovenia,SVN,61,34
2017,Saint Vincent and the Grenadines,VCT,58,40
2017,Cabo Verde,CPV,55,48
2017,Costa Rica,CRI,59,38
2017,Cyprus,CYP,57,42
2017,Latvia,LVA,58,40
2017,Georgia,GEO,56,46
2017,Poland,POL,60,36
2017,Saint Lucia,LCA,55,48
2017,Dominica,DMA,57,42
2017,Czechia,CZE,57,42
2017,Oman,OMN,44,68
2017,Rwanda,RWA,55,48
2017,Grenada,GRD,52,52
2017,Italy,ITA,50,54
2017,Malta,MLT,56,46
2017,Mauritius,MUS,50,54
2017,Saudi Arabia,SAU,49,57
2017,Malaysia,MYS,47,62
2017,Namibia,NAM,51,53
2017,Greece,GRC,48,59
2017,Armenia,ARM,35,107
2017,Jordan,JOR,48,59
2017,Slovakia,SVK,50,54
2017,Belarus,BLR,44,68
2017,Croatia,HRV,49,57
2017,Cuba,CUB,47,62
2017,Sao Tome and Principe,STP,46,64
2017,Montenegro,MNE,46,64
2017,Senegal,SEN,45,66
2017,Bulgaria,BGR,43,71
2017,Hungary,HUN,45,66
2017,Jamaica,JAM,44,68
2017,Romania,ROU,48,59
2017,South Africa,ZAF,43,71
2017,Tunisia,TUN,42,74
2017,Ghana,GHA,40,81
2017,Maldives,MDV,33,112
2017,Vanuatu,VUT,43,71
2017,Argentina,ARG,39,85
2017,Bahrain,BHR,36,103
2017,China,CHN,41,77
2017,Kuwait,KWT,39,85
2017,Solomon Islands,SLB,39,85
2017,Benin,BEN,39,85
2017,Guyana,GUY,38,91
2017,Lesotho,LSO,42,74
2017,Burkina Faso,BFA,42,74
2017,India,IND,40,81
2017,Morocco,MAR,40,81
2017,Timor-Leste,TLS,38,91
2017,Trinidad and Tobago,TTO,41,77
2017,Turkey,TUR,40,81
2017,Colombia,COL,37,96
2017,Ecuador,ECU,32,117
2017,Brazil,BRA,37,96
2017,Ethiopia,ETH,35,107
2017,Kazakhstan,KAZ,31,122
2017,Peru,PER,37,96
2017,Serbia,SRB,41,77
2017,Sri Lanka,LKA,38,91
2017,Suriname,SUR,41,77
2017,Tanzania,TZA,36,103
2017,Gambia,GMB,30,130
2017,Indonesia,IDN,37,96
2017,Albania,ALB,38,91
2017,Algeria,DZA,33,112
2017,Cote d'Ivoire,CIV,36,103
2017,El Salvador,SLV,33,112
2017,Kosovo,KSV,39,85
2017,Thailand,THA,37,96
2017,Vietnam,VNM,35,107
2017,Bosnia and Herzegovina,BIH,38,91
2017,Mongolia,MNG,36,103
2017,North Macedonia,MKD,35,107
2017,Panama,PAN,37,96
2017,Moldova,MDA,31,122
2017,Philippines,PHL,34,111
2017,Egypt,EGY,32,117
2017,Eswatini,SWZ,39,85
2017,Nepal,NPL,31,122
2017,Sierra Leone,SLE,30,130
2017,Ukraine,UKR,30,130
2017,Zambia,ZMB,37,96
2017,Niger,NER,33,112
2017,Bolivia,BOL,33,112
2017,Kenya,KEN,28,143
2017,Kyrgyzstan,KGZ,29,135
2017,Mexico,MEX,29,135
2017,Pakistan,PAK,32,117
2017,Azerbaijan,AZE,31,122
2017,Gabon,GAB,32,117
2017,Malawi,MWI,31,122
2017,Mali,MLI,31,122
2017,Russia,RUS,29,135
2017,Laos,LAO,29,135
2017,Mauritania,MRT,28,143
2017,Togo,TGO,32,117
2017,Dominican Republic,DOM,29,135
2017,Guinea,GIN,27,148
2017,Liberia,LBR,31,122
2017,Myanmar,MMR,30,130
2017,Paraguay,PRY,29,135
2017,Angola,AGO,19,167
2017,Djibouti,DJI,31,122
2017,Papua New Guinea,PNG,29,135
2017,Uganda,UGA,26,151
2017,Bangladesh,BGD,28,143
2017,Central African Republic,CAF,23,156
2017,Uzbekistan,UZB,22,157
2017,Cameroon,CMR,25,153
2017,Guatemala,GTM,28,143
2017,Iran,IRN,30,130
2017,Lebanon,LBN,28,143
2017,Madagascar,MDG,24,155
2017,Mozambique,MOZ,25,153
2017,Nigeria,NGA,27,148
2017,Tajikistan,TJK,21,161
2017,Honduras,HND,29,135
2017,Zimbabwe,ZWE,22,157
2017,Nicaragua,NIC,26,151
2017,Cambodia,KHM,21,161
2017,Chad,TCD,20,165
2017,Comoros,COM,27,148
2017,Eritrea,ERI,20,165
2017,Iraq,IRQ,18,169
2017,Afghanistan,AFG,15,177
2017,Burundi,BDI,22,157
2017,Congo,COG,21,161
2017,Guinea Bissau,GNB,17,171
2017,Turkmenistan,TKM,19,167
2017,Democratic Republic of the Congo,COD,21,161
2017,Haiti,HTI,22,157
2017,North Korea,PRK,17,171
2017,Libya,LBY,17,171
2017,Equatorial Guinea,GNQ,17,171
2017,Sudan,SDN,16,175
2017,Venezuela,VEN,18,169
2017,Yemen,YEM,16,175
2017,Syria,SYR,14,178
2017,Somalia,SOM,9,180
2017,South Sudan,SSD,12,179
2016,Denmark,DNK,90,
2016,Qatar,QAT,61,31
2016,Bahrain,BHR,43,70
2016,Kuwait,KWT,41,75
2016,Cyprus,CYP,55,47
2016,Saudi Arabia,SAU,46,62
2016,Malta,MLT,55,47
2016,Jordan,JOR,48,57
2016,Lesotho,LSO,39,83
2016,The FYR of Macedonia,MKD,37,90
2016,Syria,SYR,13,173
2016,Luxembourg,LUX,81,10
2016,Chile,CHL,66,24
2016,United Arab Emirates,ARE,66,24
2016,Ghana,GHA,43,70
2016,Trinidad and Tobago,TTO,35,101
2016,Djibouti,DJI,30,123
2016,Mauritania,MRT,27,142
2016,Mozambique,MOZ,27,142
2016,Central African Republic,CAF,20,159
2016,Yemen,YEM,14,170
2016,South Sudan,SSD,11,175
2016,Norway,NOR,85,6
2016,Japan,JPN,72,20
2016,Uruguay,URY,71,21
2016,Botswana,BWA,60,35
2016,Hungary,HUN,48,57
2016,El Salvador,SLV,36,95
2016,Thailand,THA,35,101
2016,Mali,MLI,32,116
2016,Moldova,MDA,30,123
2016,Republic of Congo,COG,20,159
2016,The United States of America,USA,74,18
2016,Ireland,IRL,73,19
2016,Portugal,PRT,62,29
2016,Croatia,HRV,49,55
2016,Greece,GRC,44,69
2016,Jamaica,JAM,39,83
2016,Algeria,DZA,34,108
2016,Egypt,EGY,34,108
2016,Armenia,ARM,33,113
2016,Dominican Republic,DOM,31,120
2016,Gambia,GMB,26,145
2016,Madagascar,MDG,26,145
2016,Comoros,COM,24,153
2016,Chad,TCD,20,159
2016,Libya,LBY,14,170
2016,New Zealand,NZL,90,1
2016,Denmark,DNK,90,1
2016,Finland,FIN,89,3
2016,Sweden,SWE,88,4
2016,Singapore,SGP,84,7
2016,Netherlands,NLD,83,8
2016,Canada,CAN,82,9
2016,Iceland,ISL,78,14
2016,Austria,AUT,75,17
2016,France,FRA,69,23
2016,Poland,POL,62,29
2016,Taiwan,TWN,61,31
2016,Czech Republic,CZE,55,47
2016,Korea (South),KOR,53,52
2016,Namibia,NAM,52,53
2016,Malaysia,MYS,49,55
2016,Turkey,TUR,41,75
2016,Panama,PAN,38,87
2016,Mongolia,MNG,38,87
2016,Sri Lanka,LKA,36,95
2016,Benin,BEN,36,95
2016,Peru,PER,35,101
2016,Bolivia,BOL,33,113
2016,Ecuador,ECU,31,120
2016,Honduras,HND,30,123
2016,Mexico,MEX,30,123
2016,Nicaragua,NIC,26,145
2016,Cameroon,CMR,26,145
2016,Tajikistan,TJK,25,151
2016,The Democratic Republic of Congo,COD,21,156
2016,Burundi,BDI,20,159
2016,Guinea-Bissau,GNB,16,168
2016,Switzerland,CHE,86,5
2016,Germany,DEU,81,10
2016,United Kingdom,GBR,81,10
2016,Australia,AUS,79,13
2016,Belgium,BEL,77,15
2016,Estonia,EST,70,22
2016,Bhutan,BTN,65,27
2016,Lithuania,LTU,59,38
2016,Spain,ESP,58,41
2016,Rwanda,RWA,54,50
2016,Slovakia,SVK,51,54
2016,Cuba,CUB,47,60
2016,Oman,OMN,45,64
2016,Bulgaria,BGR,41,75
2016,Zambia,ZMB,38,87
2016,Colombia,COL,37,90
2016,Liberia,LBR,37,90
2016,Philippines,PHL,35,101
2016,Togo,TGO,32,116
2016,Malawi,MWI,31,120
2016,Russia,RUS,29,131
2016,Guatemala,GTM,28,136
2016,Kyrgyzstan,KGZ,28,136
2016,Lebanon,LBN,28,136
2016,Uganda,UGA,25,151
2016,Cambodia,KHM,21,156
2016,Eritrea,ERI,18,164
2016,Venezuela,VEN,17,166
2016,Slovenia,SVN,61,31
2016,Latvia,LVA,57,44
2016,Mauritius,MUS,54,50
2016,Montenegro,MON,45,64
2016,Senegal,SEN,45,64
2016,South Africa,ZAF,45,64
2016,Bosnia and Herzegovina,BIH,39,83
2016,Indonesia,IDN,37,90
2016,Morocco,MAR,37,90
2016,Gabon,GAB,35,101
2016,Niger,NER,35,101
2016,Ethiopia,ETH,34,108
2016,Azerbaijan,AZE,30,123
2016,Sierra Leone,SLE,30,123
2016,Kazakhstan,KAZ,29,131
2016,Bangladesh,BGD,26,145
2016,Kenya,KEN,26,145
2016,Zimbabwe,ZWE,22,154
2016,Iraq,IRQ,17,166
2016,Hong Kong,HKG,77,15
2016,Romania,ROM,48,57
2016,Serbia,SCG,42,72
2016,Brazil,BRA,40,79
2016,India,IND,40,79
2016,Côte d’Ivoire,CIV,34,108
2016,Vietnam,VNM,33,113
2016,Pakistan,PAK,32,116
2016,Tanzania,TZA,32,116
2016,Nepal,NPL,29,131
2016,Ukraine,UKR,29,131
2016,Iran,IRN,29,131
2016,Nigeria,NGA,28,136
2016,Guinea,GIN,27,142
2016,Uzbekistan,UZB,21,156
2016,Sudan,SDN,14,170
2016,Somalia,SOM,10,176
2016,Israel,ISR,64,28
2016,Costa Rica,CRI,58,41
2016,Italy,ITA,47,60
2016,Tunisia,TUN,41,75
2016,China,CHN,40,79
2016,Albania,ALB,39,83
2016,Kosovo,LWI,36,95
2016,Paraguay,PRY,30,123
2016,Papua New Guinea,PNG,28,136
2016,Haiti,HTI,20,159
2016,Angola,AGO,18,164
2016,Cape Verde,CPV,59,38
2016,Sao Tome and Principe,STP,46,62
2016,Burkina Faso,BFA,42,72
2016,Argentina,ARG,36,95
2016,Turkmenistan,TKM,22,154
2016,Afghanistan,AFG,15,169
2016,Korea (North),PRK,12,174
2016,Georgia,GEO,57,44
2016,Guyana,GUY,34,108
2016,Laos,LAO,30,123
2016,Myanmar,MMR,28,136
2016,Timor-Leste,TLS,35,101
2016,Belarus,BLR,40,79
2016,Suriname,SUR,45,64
2016,Bahamas,BHS,66,24
2016,Barbados,BRB,61,31
2016,Saint Lucia,LCA,60,35
2016,Saint Vincent and The Grenadines,VCT,60,35
2016,Dominica,DMA,59,38
2016,Brunei,BRN,58,41
2016,Grenada,GRD,56,46
2016,Solomon Islands,SLB,42,72
2016,Maldives,MDV,36,95
2015,Qatar,QAT,71,22
2015,Bahrain,BHR,51,50
2015,Kuwait,KWT,49,55
2015,Cyprus,CYP,61,32
2015,Saudi Arabia,SAU,52,48
2015,Malta,MLT,60,34
2015,Jordan,JOR,53,45
2015,Lesotho,LSO,44,61
2015,The FYR of Macedonia,MKD,42,66
2015,Syria,SYR,18,154
2015,Luxembourg,LUX,85,7
2015,Chile,CHL,70,23
2015,United Arab Emirates,ARE,70,23
2015,Ghana,GHA,47,56
2015,Trinidad and Tobago,TTO,39,72
2015,Djibouti,DJI,34,98
2015,Mauritania,MRT,31,111
2015,Mozambique,MOZ,31,111
2015,Central African Republic,CAF,24,145
2015,Yemen,YEM,18,154
2015,South Sudan,SSD,15,163
2015,Norway,NOR,88,5
2015,Japan,JPN,75,18
2015,Uruguay,URY,74,21
2015,Botswana,BWA,63,29
2015,Hungary,HUN,51,50
2015,El Salvador,SLV,39,72
2015,Thailand,THA,38,76
2015,Mali,MLI,35,95
2015,Moldova,MDA,33,102
2015,Republic of Congo,COG,23,146
2015,The United States of America,USA,76,16
2015,Ireland,IRL,75,18
2015,Portugal,PRT,64,28
2015,Croatia,HRV,51,50
2015,Greece,GRC,46,58
2015,Jamaica,JAM,41,69
2015,Algeria,DZA,36,88
2015,Egypt,EGY,36,88
2015,Armenia,ARM,35,95
2015,Dominican Republic,DOM,33,102
2015,Gambia,GMB,28,123
2015,Madagascar,MDG,28,123
2015,Comoros,COM,26,136
2015,Chad,TCD,22,147
2015,Libya,LBY,16,161
2015,New Zealand,NZL,91,1
2015,Denmark,DNK,91,1
2015,Finland,FIN,90,3
2015,Sweden,SWE,89,4
2015,Singapore,SGP,85,7
2015,Netherlands,NLD,84,9
2015,Canada,CAN,83,10
2015,Iceland,ISL,79,13
2015,Austria,AUT,76,16
2015,France,FRA,70,23
2015,Poland,POL,63,29
2015,Taiwan,TWN,62,31
2015,Czech Republic,CZE,56,38
2015,Korea (South),KOR,54,43
2015,Namibia,NAM,53,45
2015,Malaysia,MYS,50,54
2015,Turkey,TUR,42,66
2015,Panama,PAN,39,72
2015,Mongolia,MNG,39,72
2015,Sri Lanka,LKA,37,83
2015,Benin,BEN,37,83
2015,Peru,PER,36,88
2015,Bolivia,BOL,34,98
2015,Ecuador,ECU,32,106
2015,Honduras,HND,31,111
2015,Mexico,MEX,31,111
2015,Nicaragua,NIC,27,130
2015,Cameroon,CMR,27,130
2015,Tajikistan,TJK,26,136
2015,The Democratic Republic of Congo,COD,22,147
2015,Burundi,BDI,21,150
2015,Guinea-Bissau,GNB,17,158
2015,Switzerland,CHE,86,6
2015,Germany,DEU,81,11
2015,United Kingdom,GBR,81,11
2015,Australia,AUS,79,13
2015,Belgium,BEL,77,15
2015,Estonia,EST,70,23
2015,Bhutan,BTN,65,27
2015,Lithuania,LTU,59,36
2015,Spain,ESP,58,37
2015,Rwanda,RWA,54,43
2015,Slovakia,SVK,51,50
2015,Cuba,CUB,47,56
2015,Oman,OMN,45,60
2015,Bulgaria,BGR,41,69
2015,Zambia,ZMB,38,76
2015,Colombia,COL,37,83
2015,Liberia,LBR,37,83
2015,Philippines,PHL,35,95
2015,Togo,TGO,32,106
2015,Malawi,MWI,31,111
2015,Russia,RUS,29,119
2015,Guatemala,GTM,28,123
2015,Kyrgyzstan,KGZ,28,123
2015,Lebanon,LBN,28,123
2015,Uganda,UGA,25,139
2015,Cambodia,KHM,21,150
2015,Eritrea,ERI,18,154
2015,Venezuela,VEN,17,158
2015,Slovenia,SVN,60,34
2015,Latvia,LVA,56,38
2015,Mauritius,MUS,53,45
2015,Montenegro,MON,44,61
2015,Senegal,SEN,44,61
2015,South Africa,ZAF,44,61
2015,Bosnia and Herzegovina,BIH,38,76
2015,Indonesia,IDN,36,88
2015,Morocco,MAR,36,88
2015,Gabon,GAB,34,98
2015,Niger,NER,34,98
2015,Ethiopia,ETH,33,102
2015,Azerbaijan,AZE,29,119
2015,Sierra Leone,SLE,29,119
2015,Kazakhstan,KAZ,28,123
2015,Bangladesh,BGD,25,139
2015,Kenya,KEN,25,139
2015,Zimbabwe,ZWE,21,150
2015,Iraq,IRQ,16,161
2015,Hong Kong,HKG,75,18
2015,Romania,ROM,46,58
2015,Serbia,SCG,40,71
2015,Brazil,BRA,38,76
2015,India,IND,38,76
2015,Côte d’Ivoire,CIV,32,106
2015,Vietnam,VNM,31,111
2015,Pakistan,PAK,30,117
2015,Tanzania,TZA,30,117
2015,Nepal,NPL,27,130
2015,Ukraine,UKR,27,130
2015,Iran,IRN,27,130
2015,Nigeria,NGA,26,136
2015,Guinea,GIN,25,139
2015,Uzbekistan,UZB,19,153
2015,Sudan,SDN,12,165
2015,Somalia,SOM,8,167
2015,Israel,ISR,61,32
2015,Costa Rica,CRI,55,40
2015,Italy,ITA,44,61
2015,Tunisia,TUN,38,76
2015,China,CHN,37,83
2015,Albania,ALB,36,88
2015,Kosovo,LWI,33,102
2015,Paraguay,PRY,27,130
2015,Papua New Guinea,PNG,25,139
2015,Haiti,HTI,17,158
2015,Angola,AGO,15,163
2015,Cape Verde,CPV,55,40
2015,Sao Tome and Principe,STP,42,66
2015,Burkina Faso,BFA,38,76
2015,Argentina,ARG,32,106
2015,Turkmenistan,TKM,18,154
2015,Afghanistan,AFG,11,166
2015,Korea (North),PRK,8,167
2015,Georgia,GEO,52,48
2015,Guyana,GUY,29,119
2015,Laos,LAO,25,139
2015,Myanmar,MMR,22,147
2015,Timor-Leste,TLS,28,123
2015,Belarus,BLR,32,106
2015,Suriname,SUR,36,88
